Page,Canonical,Page Role,Topical Cluster,Intent Family,Title,Title Length,Primary H1,H1 Count,H2 Count,H3 Count,H2 Headings,Meta Description,Meta Description Length,Meta Keywords,Focus Keyword,Focus Keyword Source,Keyword In Title,Keyword In H1,Keyword In Description,Title/H1 Alignment,Related Section Present,Related Calculator Links,Internal Linking Status,Canonical File,SEO Alignment Score,Cannibalization Risk,Audit Notes,Conflict Notes
/calculators/,https://ampstowatt.com/calculators/,Calculator hub,Electrical calculator directory,electrical calculators,"Electrical Calculators | Amps to Watts, Watt Hours, Voltage Drop & More",71,Electrical Calculator Page Directory,1,7,3,"Website Page Sequence | Core Calculator Pages | Voltage Calculator Pages | AC, DC, and Phase Calculator Pages | Specialized Power Calculator Pages | Learning, Trust, and Legal Pages | Related Amps to Watts and Electrical Calculators","Complete suite of electrical calculators: Amps to Watts, Amp Hours to Watt Hours, Volt-Amps, Watt to Amps, Voltage Drop, Power Factor, Wire Gauge. Free, accurate, professional tools for electricians, engineers, and DIY enthusiasts.",231,"electrical calculators, amps to watts, amp hours to watt hours, volt amps calculator, watt to amps, voltage drop calculator, power factor calculator, wire gauge calculator, electrical engineering tools",electrical calculators,URL slug target,Yes,Partial/No,Yes,Review,Yes,23,Strong,calculators\index.html,76,Low,Title length outside common SERP range; Meta description length should be tightened; Focus keyword not exact in H1,No direct keyword conflict found from static page signals
/,https://ampstowatt.com/,Home pillar,Core amps to watts,amps to watts calculator,Amps To Watts Calculator,24,Amps To Watts Calculator,1,36,27,"Understanding Electrical Units: Amps, Volts, and Watts | The Amps to Watts Formula | Typical Power Factor Values | How to Convert Amps to Watts: Step-by-Step Examples | Amps to Watts Conversion Tables | Important Considerations for AC and DC Systems | Amps to Watts Conversion | Amps to Watts Formula | Amps to Watts Equation | What Is the Amps to Watts Conversion | How to Convert Amps to Watts | How Calculate Amps to Watts | How Many Watts Is Amp | Can Watts Be Converted to Amps | Amps and Watts Difference | How Do Watts Relate to Amps | Amps to Watts AC | Amps to Watts AC Power | Amps to Watts DC | Amps to Watts Calculator AC","Use this ampere to watt calculator to convert amps to watts for DC, AC single phase, and AC three phase circuits. Includes formulas, power factor values, examples, and conversion tables.",186,"amps to watts, ampere to watt calculator, convert amps to watts, amps to watts formula, watt calculator, amp to watt hours, amp hour to watt hour, ampere to watt hour, volt amps calculator, voltage drop calculator, power factor calculator, wire gauge calculator, electrical power calculator, AC power calculator, three phase power calculator",amps to watts calculator,URL slug target,Yes,Yes,Yes,Aligned,Yes,23,Strong,index.html,84,Low,Title length outside common SERP range; Meta description length should be tightened,No direct keyword conflict found from static page signals
/3-phase-amps-to-watts-calculator/,https://ampstowatt.com/3-phase-amps-to-watts-calculator/,Supporting calculator,"AC/DC, phase, and apparent power",3 phase amps to watts,3 Phase Amps to Watts Calculator - Balanced AC Power Conversion,63,3 Phase Amps to Watts Calculator,1,12,7,3 Phase Power Calculator Watts to Amps | Three phase load chart | 3 Phase Amps to Watts Calculator Technical Visual Guide | 3 Phase Amps to Watts Calculator Technical Sub Calculators | The Basics of Amps to Watts Conversion | 3 Phase Amps to Watts Calculator: The Formula for Balanced Systems | 230 Amps to Watts Calculator: Example for 3-Phase Systems | Watts to Amps 230V Calculator: Reverse Calculation | 100 Watts to Amps 230V Calculator: Low-Power Example | Amps to Watts to Volts Calculator: Three-Way Conversion | Section 5: Practical Applications and Best Practices | Related Amps to Watts and Electrical Calculators,"3 Phase Amps to Watts Calculator for balanced three phase AC systems, motors, EV charging, generators, transformers, 230V reverse calculations, 400V power, and power factor corrected wattage.",191,"3 Phase Amps to Watts Calculator, 3 phase power calculator watts to amps, three phase amps watts, amps to watts 3 phase, watts to amps 230v calculator, power factor calculator",3 phase amps to watts,URL slug target,Yes,Yes,Yes,Aligned,Yes,23,Strong,3-phase-amps-to-watts-calculator\index.html,84,High,Meta description length should be tightened; Shares search-intent family with another page,High Same search-intent family: 3 phase amps to watts
/3-phase-calculator/,https://ampstowatt.com/3-phase-calculator/,Supporting calculator,"AC/DC, phase, and apparent power",3 phase amps to watts,"3 Phase Calculator - Power, Current, kW, kVA, HP, and Cable Size",64,3 Phase Calculator,1,15,10,3 Phase Calculator | Three phase load chart | 3 Phase Calculator Technical Visual Guide | 3 Phase Calculator Technical Sub Calculators | 3 Phase Calculator Formula | 3 Phase Calculation Formula | How to Calculate 3 Phase Power Calculator | 3 Phase Power Calculator Formula | Total 3 Phase Power Formula | 3 Phase Power Calculation Formula | 3 Phase Power Calculation Example | 3 Phase Calculation Examples | Calculate 3 Phase Power Calculator | How Do You Calculate 3 Phase Power Per Phase | Related Amps to Watts and Electrical Calculators,"3 Phase Calculator for three phase power, current, kW, kVA, HP to amps, load, cable size, voltage drop, apparent power, real power, reactive power, star and delta circuits.",172,"3 Phase Calculator, three phase calculator, 3 phase calculator formula, 3 phase power calculator formula, 3 phase kW calculator with amps, 3 phase load calculator, 3 phase cable size calculator",3 phase calculator,URL slug target,Yes,Yes,Yes,Aligned,Yes,23,Strong,3-phase-calculator\index.html,84,High,Meta description length should be tightened; Shares search-intent family with another page,High Same search-intent family: 3 phase amps to watts
/ac-amps-to-watts-calculator/,https://ampstowatt.com/ac-amps-to-watts-calculator/,Supporting calculator,"AC/DC, phase, and apparent power",ac amps to watts,"AC Amps to Watts Calculator - Single Phase, Three Phase, and Power Factor",73,AC Amps to Watts Calculator,1,7,23,AC Amps to Watts Calculator | Power calculation chart | AC Amps to Watts Calculator Technical Visual Guide | AC Amps to Watts Calculator Technical Sub Calculators | Amps to Watts Calculator AC | AC Single Phase Amps to Watts Calculator | Related Amps to Watts and Electrical Calculators,"AC Amps to Watts Calculator for converting AC amps to watts with voltage and power factor. Includes single phase AC, three phase AC, appliance examples, motors, air conditioners, and load calculations.",201,"AC Amps to Watts Calculator, amps to watts calculator ac, ac single phase amps to watts calculator, AC amps to watts, AC power formula, power factor AC, volts amps watts AC",AC amps to watts,URL slug target,Yes,Yes,Yes,Aligned,Yes,23,Strong,ac-amps-to-watts-calculator\index.html,76,High,Title length outside common SERP range; Meta description length should be tightened; Shares search-intent family with another page,High Same search-intent family: ac amps to watts
/ac-calculator/,https://ampstowatt.com/ac-calculator/,Supporting calculator,"AC/DC, phase, and apparent power",ac amps to watts,AC BTU and Wattage Calculator - AC Calculator for Cooling and Power,67,AC BTU and Wattage Calculator,1,7,14,AC BTU Calculator | General Purpose AC or Heating BTU Calculator | Power calculation chart | AC BTU and Wattage Calculator Technical Visual Guide | AC BTU and Wattage Calculator Technical Sub Calculators | AC Wattage Calculator | Related Amps to Watts and Electrical Calculators,"AC Calculator for BTU sizing, air conditioner sizing, HVAC load calculation, cooling capacity, AC wattage, single phase AC watts, three phase AC watts, SEER, EER, and running cost planning.",189,"AC Calculator, AC BTU Calculator, AC Wattage Calculator, air conditioner calculator, BTU calculator AC, AC power consumption, AC running cost, AC load calculation, HVAC calculator tool",AC calculator,URL slug target,Yes,Partial/No,Yes,Aligned,Yes,23,Strong,ac-calculator\index.html,68,High,Title length outside common SERP range; Meta description length should be tightened; Focus keyword not exact in H1; Shares search-intent family with another page,High Same search-intent family: ac amps to watts
/amps-to-watts-3-phase-calculator/,https://ampstowatt.com/amps-to-watts-3-phase-calculator/,Supporting calculator,"AC/DC, phase, and apparent power",3 phase amps to watts,Amps to Watts 3 Phase Calculator,32,Amps to Watts 3 Phase Calculator,1,5,3,How Amps to Watts 3 Phase Calculator Works | Three phase load chart | Amps to Watts 3 Phase Calculator Technical Visual Guide | Related Amps to Watts and Electrical Calculators | Amps to Watts 3 Phase Calculator FAQ,"Amps to Watts 3 Phase Calculator for three phase amps to watts conversion. Calculate watts, amps, volts, power factor, kW, kVA, kWh, and electrical load values with formulas, examples, diagrams, and FAQ.",203,"Amps to Watts 3 Phase Calculator, amps to watts, watts to amps, electrical calculator, power conversion, voltage amps watts, power factor, AC, DC, three phase",amps to watts 3 phase,URL slug target,Yes,Yes,Yes,Aligned,Yes,23,Strong,amps-to-watts-3-phase-calculator\index.html,76,High,Title length outside common SERP range; Meta description length should be tightened; Shares search-intent family with another page,High Same search-intent family: 3 phase amps to watts
/amps-to-watts-ac-calculator/,https://ampstowatt.com/amps-to-watts-ac-calculator/,Supporting calculator,"AC/DC, phase, and apparent power",ac amps to watts,"Amps to Watts AC Calculator | Single Phase, 3 Phase, PF",55,Amps to Watts AC Calculator,1,11,12,"Basic Concepts: Amps, Watts, and Volts in AC Circuits | Power calculation chart | Amps to Watts AC Calculator Technical Visual Guide | Converting Amps to Watts in AC Systems | Converting Watts to Amps in AC Systems | DC to AC Conversions | DC Amps to AC Amps Calculator Watts | Practical Examples and Common Scenarios | Related Amps to Watts and Electrical Calculators | Frequently Asked Questions | Conclusion","Amps to Watts AC Calculator for single phase, 3 phase, 12V, 120V, 220V, 240V, 480V, power factor, watts to amps AC, AC watts to DC amps, generator, motor, and appliance loads.",175,"amps to watts calculator ac, ac single phase amps to watts calculator, ac volts amps watts calculator, amps calculator ac, convert ac watts to amps, watts to amps calculator ac 240 volts, amps to watts calculator 3 phase",amps to watts AC,URL slug target,Yes,Yes,Yes,Aligned,Yes,23,Strong,amps-to-watts-ac-calculator\index.html,84,High,Meta description length should be tightened; Shares search-intent family with another page,High Same search-intent family: ac amps to watts
/dc-amps-to-watts-calculator/,https://ampstowatt.com/dc-amps-to-watts-calculator/,Supporting calculator,"AC/DC, phase, and apparent power",dc amps to watts,DC Amps to Watts Calculator: A Comprehensive Guide,50,DC Amps to Watts Calculator: A Comprehensive Guide,1,14,17,Introduction: Understanding DC Amps to Watts Conversion | Power calculation chart | DC Amps to Watts Calculator: A Comprehensive Guide Technical Visual Guide | The Basics of DC Amps to Watts Conversion | How to Use a DC Amps to Watts Calculator | Converting DC Amps to AC Watts | Understanding DC Amps to AC Watts Conversion | Reverse Conversion: Watts to Amps DC Calculator | How to Convert Watts to Amps DC Calculator | Practical Examples of DC Amps to Watt Calculations | Common Applications of DC Amps to Watts Conversion | Troubleshooting and Tips for Accurate Conversion | Related Amps to Watts and Electrical Calculators | Frequently Asked Questions,"DC Amps to Watts Calculator guide for direct current power conversion, 1 amp DC to watts, 10 amps DC to watts, watts to amps DC 12V, DC to AC watts, solar, battery, marine, and automotive examples.",197,"DC amps to watts calculator, DC amps to watts, dc amps to watts converter, 1 amp dc to watts calculator, 10 amps dc to watts, dc amps to ac amps calculator watts, watts to amps calculator dc 12v, dc amps to watts conversion",DC amps to watts,URL slug target,Yes,Yes,Yes,Aligned,Yes,23,Strong,dc-amps-to-watts-calculator\index.html,84,High,Meta description length should be tightened; Shares search-intent family with another page,High Same search-intent family: dc amps to watts
/dc-calculator/,https://ampstowatt.com/dc-calculator/,Supporting calculator,"AC/DC, phase, and apparent power",dc amps to watts,"DC Calculator: Direct Current Power, Voltage, Amps, Wire, Battery",65,DC Calculator: The Ultimate Guide to Direct Current Calculations,1,9,17,Introduction: What is a DC Calculator? | Power calculation chart | DC Calculator: The Ultimate Guide to Direct Current Calculations Technical Visual Guide | DC Calculator for Electrical Engineering | Specialized DC Calculators | DC Calculator for Gaming (D&D) | Related Amps to Watts and Electrical Calculators | Frequently Asked Questions | Conclusion: Choosing the Right DC Calculator,"DC Calculator guide for direct current power, voltage, amps, resistance, voltage drop, wire gauge, fuse size, battery load, DC motor, DC cable size, and D&D difficulty class calculators.",186,"DC Calculator, DC power calculator, DC voltage calculator, DC current calculator, DC circuit calculator, DC amp calculator, DC wire gauge calculator, DC voltage drop calculator, DC fuse calculator, DC battery calculator, DC calculator 5e, DC calculator DND",DC calculator,URL slug target,Yes,Yes,Yes,Review,Yes,23,Strong,dc-calculator\index.html,84,High,Meta description length should be tightened; Shares search-intent family with another page,High Same search-intent family: dc amps to watts
/kva-to-watts-calculator/,https://ampstowatt.com/kva-to-watts-calculator/,Supporting calculator,"AC/DC, phase, and apparent power",kva to watts,kVA to Watts Calculator,23,kVA to Watts Calculator,1,5,3,How kVA to Watts Calculator Works | kVA to watts chart | kVA to Watts Calculator Technical Visual Guide | Related Amps to Watts and Electrical Calculators | kVA to Watts Calculator FAQ,"kVA to Watts Calculator for apparent power to real power conversion. Calculate watts, amps, volts, power factor, kW, kVA, kWh, and electrical load values with formulas, examples, diagrams, and FAQ.",197,"kVA to Watts Calculator, amps to watts, watts to amps, electrical calculator, power conversion, voltage amps watts, power factor, AC, DC, three phase",kVA to watts,URL slug target,Yes,Yes,Yes,Aligned,Yes,23,Strong,kva-to-watts-calculator\index.html,84,Low,Title length outside common SERP range; Meta description length should be tightened,No direct keyword conflict found from static page signals
/power-factor/,https://ampstowatt.com/power-factor/,Supporting calculator,"AC/DC, phase, and apparent power",power factor,"Power Factor Calculator | Watts, kVA, kVAR, 3 Phase, Capacitor",62,Power Factor Calculator,1,16,12,Power Factor Calculator Formula Map | Power Factor Calculator Watts | What Power Factor to Use | What Is the Power Factor Calculation Formula | Why Power Factor Decreases | Power Factor Calculator Watts and Apparent Power | Why Is Power Factor Negative | Power Factor Calculation Example | Power Factor Calculation Excel Sheet | Power Factor Calculation Formula for 3 Phase | Power Factor Calculation from Voltage and Current | Power Factor Calculation MW MVAR | Power factor correction chart | Power Factor Calculator Technical Visual Guide | Related Amps to Watts and Electrical Calculators | Frequently Asked Questions,"Power Factor Calculator for watts, kVA, kVAR, voltage, current, single phase, 3 phase, MW, MVAR, capacitor correction, power triangle, and AC power factor formulas.",164,"Power Factor Calculator, power factor calculator watts, what power factor to use, power factor calculation formula, power factor calculation example, power factor calculation excel sheet, power factor calculation formula for 3 phase, power factor calculation from voltage and current, power factor calculation mw mvar, power factor correction capacitor, power factor calculator capacitor, power factor calculator uspsa",power factor calculator,URL slug target,Yes,Yes,Yes,Aligned,Yes,23,Strong,power-factor\index.html,100,Low,Good alignment; monitor ranking data,No direct keyword conflict found from static page signals
/single-phase-amps-to-watts-calculator/,https://ampstowatt.com/single-phase-amps-to-watts-calculator/,Supporting calculator,"AC/DC, phase, and apparent power",single phase amps to watts,"Single Phase Amps to Watts Calculator | AC Watts, Amps, Volts, kW",65,Single Phase Amps to Watts Calculator,1,22,3,AC Single Phase Amps to Watts Calculator | How Many Amps in a kW Single Phase | Watts to Amps Calculator Single Phase | How Many Amps in Single Phase Power | 1 Amp to Watts | Watts to Amps Single Phase | AC Single Phase Real and Apparent Power | Single Phase Motor Amps and Starting Current | Amps per kW in Single Phase Loads | Calculate Single Phase Watts from Amps | 3 Phase to Single Phase Amps Calculator | Calculate Single Phase Watts from Apparent Power | Amp Calculator Watts Volts | Quick kW to Amps Single Phase Rule | Single Phase Amps Formula for Loads | How Many Amps Is 7 Watts | How Many Amps Is 8000 Watts | Single Phase to 3 Phase Amps Calculator 240V | Power calculation chart | Single Phase Amps to Watts Calculator Technical Visual Guide,"Single phase amps to watts calculator for AC single phase power, watts to amps single phase, kW to amps, 120V, 220V, 240V, power factor, motor load, FLA, LRA, circuit breaker, and electrical load calculation.",208,"single phase amps to watts calculator, watts to amps calculator single phase, ac single phase amps to watts calculator, how many amps in a kw single phase, how many amps in single phase power, single phase amp calculator, single phase watts calculator, single phase power calculator, single phase current calculator, single phase load calculator, single phase formula calculator, calculate single phase watts, watts to amps single phase, amps to watts single phase, single phase to 3 phase amps calculator, single phase amps to 3 phase amps calculator, 3 phase to single phase amps calculator, single phase to 3 phase amps calculator 240v",single phase amps to watts,URL slug target,Yes,Yes,Yes,Aligned,Yes,23,Strong,single-phase-amps-to-watts-calculator\index.html,84,Medium,Meta description length should be tightened; Shares search-intent family with another page,Medium Same search-intent family: single phase amps to watts
/single-phase-calculator/,https://ampstowatt.com/single-phase-calculator/,Supporting calculator,"AC/DC, phase, and apparent power",single phase amps to watts,Single Phase Calculator | Single and Three-Phase AC Power Calculations,70,Comprehensive Guide to Single and Three-Phase AC Power Calculations,1,10,14,Understanding Single-Phase Electric Power | Understanding Three-Phase AC Power | Key Electrical Concepts and Definitions | How to Use a Power Calculator | Conclusion | HVAC Equipment and Supplies | Power calculation chart | Comprehensive Guide to Single and Three-Phase AC Power Calculations Technical Visual Guide | Related Amps to Watts and Electrical Calculators | Frequently Asked Questions,"Single Phase calculator guide for single-phase power, three-phase AC power, amps, kW, kVA, watts, power factor, motors, transformers, HVAC equipment, load calculation, and electrical formulas.",192,"single phase calculator, single phase power calculator, single phase current calculator, single phase amps calculator, single phase transformer calculator, single phase kw calculator, single phase load calculator, single phase watts calculator, single phase calculation formula, single phase power formula, single phase kw to amps calculator, single phase motor amp calculator, single phase hp to amps calculator, 3 phase vs single phase power calculation",single phase calculator,URL slug target,Yes,Partial/No,Yes,Review,Yes,23,Strong,single-phase-calculator\index.html,68,Medium,Title length outside common SERP range; Meta description length should be tightened; Focus keyword not exact in H1; Shares search-intent family with another page,Medium Same search-intent family: single phase amps to watts
/amp-hours-to-watt-hours/,https://ampstowatt.com/amp-hours-to-watt-hours/,Supporting calculator,Specialized electrical calculators,amp hours to watt hours,Amp Hours to Watt Hours Calculator | Convert Ah to Wh Instantly,63,Amp Hours to Watt Hours Calculator: Battery Capacity Conversion,1,8,12,Ah to Wh Battery Capacity Flow | Battery energy chart | Amp Hours to Watt Hours Calculator: Battery Capacity Conversion Technical Visual Guide | Amp Hours to Watt Hours Calculator | Amp Hours to Watt Hours Formulas | Calculation Examples | Frequently Asked Questions | Related Amps to Watts and Electrical Calculators,"Free Amp Hours to Watt Hours Calculator — convert battery capacity from ampere-hours to watt-hours instantly. Includes efficiency, time calculations, and examples for solar, EV, and portable batteries.",201,"amp hours to watt hours, ampere hour to watt hour calculator, convert ah to wh, battery capacity calculator, solar battery calculator, ev battery calculator",amp hours to watt hours,URL slug target,Yes,Yes,Yes,Review,Yes,23,Strong,amp-hours-to-watt-hours\index.html,92,Low,Meta description length should be tightened,No direct keyword conflict found from static page signals
/amp-power-consumption-calculator/,https://ampstowatt.com/amp-power-consumption-calculator/,Supporting calculator,Specialized electrical calculators,amp power consumption,Amp Power Consumption Calculator,32,Amp Power Consumption Calculator,1,5,3,How Amp Power Consumption Calculator Works | Energy use chart | Amp Power Consumption Calculator Technical Visual Guide | Related Amps to Watts and Electrical Calculators | Amp Power Consumption Calculator FAQ,"Amp Power Consumption Calculator for watts, kWh, and energy cost from amps. Calculate watts, amps, volts, power factor, kW, kVA, kWh, and electrical load values with formulas, examples, diagrams, and FAQ.",204,"Amp Power Consumption Calculator, amps to watts, watts to amps, electrical calculator, power conversion, voltage amps watts, power factor, AC, DC, three phase",amp power consumption,URL slug target,Yes,Yes,Yes,Aligned,Yes,23,Strong,amp-power-consumption-calculator\index.html,84,Low,Title length outside common SERP range; Meta description length should be tightened,No direct keyword conflict found from static page signals
/amps-to-kw-calculator/,https://ampstowatt.com/amps-to-kw-calculator/,Supporting calculator,Specialized electrical calculators,amps to kw,Amps to kW Calculator,21,Amps to kW Calculator,1,5,3,How Amps to kW Calculator Works | Power calculation chart | Amps to kW Calculator Technical Visual Guide | Related Amps to Watts and Electrical Calculators | Amps to kW Calculator FAQ,"Amps to kW Calculator for current to kilowatt load planning. Calculate watts, amps, volts, power factor, kW, kVA, kWh, and electrical load values with formulas, examples, diagrams, and FAQ.",189,"Amps to kW Calculator, amps to watts, watts to amps, electrical calculator, power conversion, voltage amps watts, power factor, AC, DC, three phase",amps to kW,URL slug target,Yes,Yes,Yes,Aligned,Yes,23,Strong,amps-to-kw-calculator\index.html,84,Low,Title length outside common SERP range; Meta description length should be tightened,No direct keyword conflict found from static page signals
/amps-to-volt-amps/,https://ampstowatt.com/amps-to-volt-amps/,Supporting calculator,Specialized electrical calculators,amps to volt amps,Amps to Volt-Amps Calculator | Convert A to VA Instantly,56,Amps to Volt-Amps Calculator: Apparent Power Conversion,1,8,12,Current and Voltage to VA Flow | Power calculation chart | Amps to Volt-Amps Calculator: Apparent Power Conversion Technical Visual Guide | Amps to Volt-Amps Calculator | Amps to Volt-Amps Formulas | Calculation Examples | Frequently Asked Questions | Related Amps to Watts and Electrical Calculators,"Free Amps to Volt-Amps Calculator — convert amperes to volt-amps for apparent power calculations. Includes DC, single-phase AC, and three-phase AC support. Essential for electrical engineering and power system design.",217,"amps to volt amps, ampere to va calculator, convert amps to va, apparent power calculator, kva calculator, electrical power calculator",amps to volt amps,URL slug target,Yes,Yes,Yes,Review,Yes,23,Strong,amps-to-volt-amps\index.html,74,Low,Meta description length should be tightened; Focus keyword not exact in title; Focus keyword not exact in H1,No direct keyword conflict found from static page signals
/led-watts-to-amps-calculator/,https://ampstowatt.com/led-watts-to-amps-calculator/,Supporting calculator,Specialized electrical calculators,led watts to amps,LED Watts to Amps Calculator,28,LED Watts to Amps Calculator,1,11,12,Introduction: Understanding the LED Watts to Amps Calculator | Current draw chart | LED Watts to Amps Calculator Technical Visual Guide | Why Convert LED Watts to Amps? | The Basic Formula: Watts ÷ Volts = Amps | How to Use the LED Watts to Amps Calculator | Practical Applications of LED Watts to Amps Conversion | Common Mistakes in LED Watt to Amp Conversion | Advanced Tips for Accurate Calculations | Related Amps to Watts and Electrical Calculators | Frequently Asked Questions,"LED Watts to Amps Calculator for 12V, 24V, 120V, and 240V LED lighting. Convert LED watts to amps with voltage, power factor, driver efficiency, strip lights, wiring, and voltage drop examples.",193,"LED Watts to Amps Calculator, LED watts to amps, LED watt to amp conversion, LED wattage calculator 12v, LED current calculator, LED power consumption, LED strip amp draw, LED driver amperage, LED power supply sizing",LED watts to amps,URL slug target,Yes,Yes,Yes,Aligned,Yes,23,Strong,led-watts-to-amps-calculator\index.html,84,Low,Title length outside common SERP range; Meta description length should be tightened,No direct keyword conflict found from static page signals
/megawatts-to-amps-calculator/,https://ampstowatt.com/megawatts-to-amps-calculator/,Supporting calculator,Specialized electrical calculators,megawatts to amps,Convert Megawatt to Volt Ampere | MegaWatts to Amps Calculator,62,Convert Megawatt to Volt Ampere,1,13,17,"Current draw chart | Convert Megawatt to Volt Ampere Technical Visual Guide | Introduction: Understanding the MegaWatts to Amps Calculator | The Role of Voltage in Megawatts to Amps Conversion | Step-by-Step Guide: Using the MW to Amps Calculator | Single-Phase vs. Three-Phase: MW to Amps 3 Phase Calculator | Related Conversions: Megawatts to Watts and Volts | Reverse Conversions: Amps to MW Calculator | Common Conversion Queries: Amps, Watts, and Kilowatts | Using the Mega Watts to Amps Calculator in Real-World Scenarios | Related Amps to Watts and Electrical Calculators | Frequently Asked Questions | Conclusion: Mastering Power Conversions with the MegaWatts to Amps Calculator","Convert Megawatt to Volt Ampere and calculate MW to amps for DC, single phase, and three phase systems with voltage, power factor, watts, kW, kVA, solar, motor, and generator examples.",184,"megawatts to amps calculator, MW to amps calculator, convert megawatt to volt ampere, megawatt to ampere converter, MW to amps 3 phase calculator, megawatts to watts calculator, amps to MW calculator, power conversion calculator",megawatts to amps,URL slug target,Yes,Partial/No,Partial/No,Aligned,Yes,23,Strong,megawatts-to-amps-calculator\index.html,79,Low,Meta description length should be tightened; Focus keyword not exact in H1; Meta description weakly aligned,No direct keyword conflict found from static page signals
/solar-watts-to-amps-calculator/,https://ampstowatt.com/solar-watts-to-amps-calculator/,Supporting calculator,Specialized electrical calculators,solar watts to amps,"Solar Watts to Amps Calculator | Solar Panel Amps, Ah, Battery Sizing",69,Solar Watts to Amps Calculator,1,20,11,12V Solar Panel Watts to Amps Calculator | 12V Solar Panel Watts to Amps Calculator Australia | How Many Amps Is 10000 Watts | How Many Amps Is 8000 Watts | How Many Watts Is My Solar Panel | How to Calculate Wattage of a Solar Panel | Solar Panel Watts to Amps Calculator | Solar Watts to Ah | Solar Watts to Amp Hours | Solar Watts to Amps | How the Solar Watts to Amps Calculator Works | Solar Watts to Battery Amp Hours | How Many Amps Is 200 Watts Solar Panel | How Many Amps Is 100W Solar Panel | How Many Amps Is 75000 Watts | How Many Amps Does a 130 Watt Solar Panel Produce | Current draw chart | Solar Watts to Amps Calculator Technical Visual Guide | Related Amps to Watts and Electrical Calculators | Frequently Asked Questions,"Solar watts to amps calculator for solar panels, 12V systems, amp hours, battery charging, charge controllers, solar batteries, 100W, 130W, 200W, 8000W, 10000W, and solar panel output calculations.",197,"solar watts to amps calculator, solar panel watts to amps calculator, 12v solar panel watts to amps calculator, solar watts to amp hours, solar watts to ah, watts to amps solar panel, solar amps to watts, how many amps is 200 watts solar panel, how many amps is 100w solar panel, how many amps does a 130 watt solar panel produce, how to calculate amps from solar panel, how to calculate wattage of a solar panel, how many watts is my solar panel, solar watts to battery amp hours",solar watts to amps,URL slug target,Yes,Yes,Yes,Aligned,Yes,23,Strong,solar-watts-to-amps-calculator\index.html,84,Low,Title length outside common SERP range; Meta description length should be tightened,No direct keyword conflict found from static page signals
/speaker-amp-power-calculator/,https://ampstowatt.com/speaker-amp-power-calculator/,Supporting calculator,Specialized electrical calculators,speaker amp power,Speaker Amp Power Calculator,28,Speaker Amp Power Calculator,1,9,9,Speaker Amplifier Power Calculator | Speaker Amp Wattage Calculator | Subwoofer Amp Power Calculator | Amplifier Speaker Wattage Calculator | Speaker Sensitivity and Amplifier Power Calculator | How Much Amplifier Power for Speakers | Audio amplifier current chart | Speaker Amp Power Calculator Technical Visual Guide | Related Amps to Watts and Electrical Calculators,"Speaker Amp Power Calculator for speaker amplifier power, amp wattage, subwoofer amp power, speaker sensitivity, 4 channel amps, 400W amps, and speaker power consumption.",170,"speaker amp power calculator, speaker amplifier power calculator, how many speakers can a 4 channel amp power, how much amplifier power for speakers, how many speakers can a 400w amp power, speaker amp calculator watts, calculate speaker power consumption, what amp do i need for my speakers calculator, what happens if amp is too powerful for speakers, speaker amperage calculator, amp calculator speaker, speaker rating vs amp power, power amp to speaker calculator",speaker amp power,URL slug target,Yes,Yes,Yes,Aligned,Yes,23,Strong,speaker-amp-power-calculator\index.html,84,Low,Title length outside common SERP range; Meta description length should be tightened,No direct keyword conflict found from static page signals
/voltage-drop-calculator/,https://ampstowatt.com/voltage-drop-calculator/,Supporting calculator,Specialized electrical calculators,voltage drop,"Voltage Drop Calculator | Cable Size, Wire Gauge, Distance & Voltage Loss",73,Voltage Drop Calculator,1,46,23,Voltage Drop Calculator Formula Map | What Is a Voltage Drop Calculator | How Voltage Drop Is Calculated | Voltage Drop Formula | Voltage Drop Calculation Explained | Voltage Drop Calculation Example | How Do You Calculate Voltage Drop Over Distance | How to Calculate Voltage Drop Over a Distance | How to Calculate Voltage Drop Without Length | What Percent Voltage Drop Is Acceptable | Is Voltage Drop 3 Or 5 Percent | Is Voltage Drop Important | Is Voltage Drop a Code Requirement | Using Voltage Drop to Calculate Current | Voltage Drop Calculator For DC Circuits | Voltage Drop Calculator For AC Circuits | Voltage Drop Calculator For 3 Phase System | Voltage Drop Calculation For 3 Phase 4 Wire | Voltage Drop Calculator For Solar Panels | Voltage Drop Calculator For Automotive Wiring,"Use this Voltage Drop Calculator to calculate voltage loss, voltage drop percentage, end voltage, cable size guidance, and wire gauge effects for DC, AC, single phase, and 3 phase circuits.",189,"voltage drop calculator, how much voltage drop calculator, how to calculate voltage drop calculator, percentage voltage drop calculator, voltage drop formula, voltage drop calculation example, voltage drop calculator dc, voltage drop calculator ac, voltage drop calculator 12v, voltage drop calculator 24v, voltage drop calculator 48v, voltage drop calculator 120v, voltage drop calculator 230v, voltage drop calculator 240v, voltage drop calculator 3 phase, voltage drop calculator solar, voltage drop calculator automotive, voltage drop calculator led, voltage drop calculator wire size, voltage drop calculator cable size, voltage drop calculator nec, voltage drop calculator iec, voltage drop calculator bs7671",voltage drop calculator,URL slug target,Yes,Yes,Yes,Aligned,Yes,23,Strong,voltage-drop-calculator\index.html,84,Low,Title length outside common SERP range; Meta description length should be tightened,No direct keyword conflict found from static page signals
/wire-gauge-calculator/,https://ampstowatt.com/wire-gauge-calculator/,Supporting calculator,Specialized electrical calculators,wire gauge,"Wire Gauge Calculator | Wire Size, AWG, Ampacity & Distance",59,Wire Gauge Calculator,1,14,13,Wire Gauge Calculator Formula Map | 3 Phase Wire Gauge Calculator | 50 Amp Wire Gauge Calculator | Battery Wire Gauge Calculator | Blue Sea Wire Gauge Calculator | Copper Wire Gauge Weight Calculator | How a Wire Gauge Calculator Works | Speaker Wire Gauge Calculator Home Theater | Speaker Wire Gauge Calculator Watts | Transformer Wire Gauge Calculator | Wire Diameter Resistance Calculation | Wire gauge selection chart | Wire Gauge Calculator Technical Visual Guide | Related Amps to Watts and Electrical Calculators,"Use this Wire Gauge Calculator to choose wire size by amps, voltage, distance, material, installation method, ampacity, AWG, mm2, and voltage drop for AC, DC, and 3 phase circuits.",180,"wire gauge calculator, wire size calculator, wire gauge, wire size, gauge wire, wire gauge chart, current capacity, amps distance, wire size calculation formula, wire gauge formula, wire gauge converter, mm2, sq mm, voltage drop, DC voltage, solar panels, speakers, 12V, 24V, 120V, 220V, 240V, AC, DC, automotive, car audio, sub panel, conduit, length, distance, watts, current, AWG, inches, insulation, inductance, Wire Barn, India, wire weight capacity, 14 gauge wire, 24 gauge wire, 12 gauge wire",wire gauge calculator,URL slug target,Yes,Yes,Yes,Aligned,Yes,23,Strong,wire-gauge-calculator\index.html,92,Low,Meta description length should be tightened,No direct keyword conflict found from static page signals
/120v-amps-to-watts-calculator/,https://ampstowatt.com/120v-amps-to-watts-calculator/,Supporting calculator,Voltage-specific calculators,120v amps to watts,120V Amps to Watts Calculator - Household Circuit Power,55,120V Amps to Watts Calculator,1,10,16,120V Amps to Watts Calculator | 120 volt load chart | 120V Amps to Watts Calculator Technical Visual Guide | 120V Amps to Watts Calculator Technical Sub Calculators | 120V Amp Calculator | 120V Wattage Calculator | 120V Wattage Formula | Wattage Calculation From Amps and Volts | 120V to Watts Calculator | Related Amps to Watts and Electrical Calculators,"120V Amps to Watts Calculator for 120V circuit wattage, current draw, appliance wattage, 10 amp, 15 amp, 20 amp examples, AC power factor, and electrical load planning.",168,"120V Amps to Watts Calculator, 120v amps to watts, 120v amp calculator, 120v wattage calculator, amps to watts 120v calculator, volts amps watts formula",120V amps to watts,URL slug target,Yes,Yes,Yes,Aligned,Yes,23,Strong,120v-amps-to-watts-calculator\index.html,84,High,Meta description length should be tightened; Shares search-intent family with another page,High Same search-intent family: 120v amps to watts
/120v-calculator/,https://ampstowatt.com/120v-calculator/,Supporting calculator,Voltage-specific calculators,120v amps to watts,120V Calculator,15,120V Calculator,1,6,3,How 120V Calculator Works | 120 volt load chart | 120V Calculator Technical Visual Guide | 120V Calculator Technical Sub Calculators | Related Amps to Watts and Electrical Calculators | 120V Calculator FAQ,"120V Calculator for 120 volt outlet, breaker, and appliance planning. Calculate watts, amps, volts, power factor, kW, kVA, kWh, and electrical load values with formulas, examples, diagrams, and FAQ.",198,"120V Calculator, amps to watts, watts to amps, electrical calculator, power conversion, voltage amps watts, power factor, AC, DC, three phase",120V calculator,URL slug target,Yes,Yes,Yes,Aligned,Yes,23,Strong,120v-calculator\index.html,76,High,Title length outside common SERP range; Meta description length should be tightened; Shares search-intent family with another page,High Same search-intent family: 120v amps to watts
/12v-amps-to-watts-calculator/,https://ampstowatt.com/12v-amps-to-watts-calculator/,Supporting calculator,Voltage-specific calculators,12v amps to watts,12V Amps to Watts Calculator - 12V DC Power Conversion,54,12V Amps to Watts Calculator,1,14,15,12V Amps to Watts Calculator | 12 volt load chart | 12V Amps to Watts Calculator Technical Visual Guide | 12V Amps to Watts Calculator Technical Sub Calculators | 12V Amps to Watts Conversion Formula | How to Calculate Watts From Amps at 12V | 12V DC Watts Calculation Examples | 12 Volt Amps to Watts Calculator | 12V Amps to Watts | 12V Amps to Watts Conversion | Voltage and Current Examples | Watt to Amp Conversion Chart | Battery Load for 100W Devices | Related Amps to Watts and Electrical Calculators,"12V Amps to Watts Calculator for 12 volts DC power, battery wattage, amp draw, watts to amps at 12V, AC power factor, conversion charts, and 100W battery load planning.",168,"12V Amps to Watts Calculator, 12v amps to watts, 12v amps to watts conversion, amps to watts formula, 12V DC power formula, amp calculator watts volts, battery wattage calculator",12V amps to watts,URL slug target,Yes,Yes,Yes,Aligned,Yes,23,Strong,12v-amps-to-watts-calculator\index.html,84,Medium,Meta description length should be tightened; Shares search-intent family with another page,Medium Same search-intent family: 12v amps to watts
/12v-calculator/,https://ampstowatt.com/12v-calculator/,Supporting calculator,Voltage-specific calculators,12v amps to watts,"12V Calculator - Power, Battery Runtime, Amp Draw, and Wire Size",64,12V Calculator,1,12,13,12V Calculator | 12 volt load chart | 12V Calculator Technical Visual Guide | 12V Calculator Technical Sub Calculators | 12V Power Calculator | 12V Power Formula | 12V Watts Calculation | 12V Power Usage Examples | 12V Wattage Formula | 12V Battery Calculator | 12V Battery Capacity Calculator | Related Amps to Watts and Electrical Calculators,"12V Calculator for 12 volt DC power, amps, watts, battery amp hours, watt hours, runtime, voltage drop, and 12 volt wire size planning with live results, formulas, tables, and circuit visuals.",192,"12V Calculator, 12v power calculator, 12v battery calculator, 12 volt wire size calculator, 12v amp calculator, voltage drop calculator, wire size calculator dc, battery run time",12V calculator,URL slug target,Yes,Yes,Yes,Aligned,Yes,23,Strong,12v-calculator\index.html,84,Medium,Meta description length should be tightened; Shares search-intent family with another page,Medium Same search-intent family: 12v amps to watts
/220v-amps-to-watts-calculator/,https://ampstowatt.com/220v-amps-to-watts-calculator/,Supporting calculator,Voltage-specific calculators,220v amps to watts,220V Amps to Watts Calculator,29,220V Amps to Watts Calculator,1,6,3,How 220V Amps to Watts Calculator Works | 220 volt load chart | 220V Amps to Watts Calculator Technical Visual Guide | 220V Amps to Watts Calculator Technical Sub Calculators | Related Amps to Watts and Electrical Calculators | 220V Amps to Watts Calculator FAQ,"220V Amps to Watts Calculator for 220 volt appliance and regional mains planning. Calculate watts, amps, volts, power factor, kW, kVA, kWh, and electrical load values with formulas, examples, diagrams, and FAQ.",210,"220V Amps to Watts Calculator, amps to watts, watts to amps, electrical calculator, power conversion, voltage amps watts, power factor, AC, DC, three phase",220V amps to watts,URL slug target,Yes,Yes,Yes,Aligned,Yes,23,Strong,220v-amps-to-watts-calculator\index.html,76,High,Title length outside common SERP range; Meta description length should be tightened; Shares search-intent family with another page,High Same search-intent family: 220v amps to watts
/220v-calculator/,https://ampstowatt.com/220v-calculator/,Supporting calculator,Voltage-specific calculators,220v amps to watts,"220V Calculator - Amps, Watts, kW, Load, and Wire Planning",58,220V Calculator,1,8,18,220V Calculator Pro | 220 volt load chart | 220V Calculator Technical Visual Guide | 220V Calculator Technical Sub Calculators | 220V Amp Calculator | 220V to Watts Calculator | Watts to Amps 220V Calculator | Related Amps to Watts and Electrical Calculators,"220V Calculator for amps, watts, kW, current, appliance loads, breaker sizing, wire gauge sizing, voltage drop, AC/DC power conversion, and 220V power consumption formulas.",172,"220V Calculator, 220v amp calculator, 220v to watts calculator, watts to amps 220v calculator, 220v to kw calculator, 220v wire size calculator",220V calculator,URL slug target,Yes,Yes,Yes,Aligned,Yes,23,Strong,220v-calculator\index.html,84,High,Meta description length should be tightened; Shares search-intent family with another page,High Same search-intent family: 220v amps to watts
/230v-calculator/,https://ampstowatt.com/230v-calculator/,Supporting calculator,Voltage-specific calculators,230v amps to watts,"230V Calculator - Voltage, Current, kW, Amps, and Load Planning",63,230V Calculator,1,6,24,230V Calculator | 230 volt power chart | 230V Calculator Technical Visual Guide | 230V Calculator Technical Sub Calculators | 230V Amp Calculator | Related Amps to Watts and Electrical Calculators,"230V Calculator for amps, watts, kW, kVA, current draw, power factor, single phase AC, three phase AC, appliance loads, voltage drop, and wire sizing.",150,"230V Calculator, 230v amp calculator, 230v current calculator, 230v to watts calculator, 230v to kw calculator, 230v voltage drop calculator, 230v wire size calculator",230V calculator,URL slug target,Yes,Yes,Yes,Aligned,Yes,23,Strong,230v-calculator\index.html,92,Medium,Shares search-intent family with another page,Medium Same search-intent family: 230v amps to watts
/240v-amps-to-watts-calculator/,https://ampstowatt.com/240v-amps-to-watts-calculator/,Supporting calculator,Voltage-specific calculators,240v amps to watts,"240V Amps to Watts Calculator - Amps, Volts, Watts, and Load Examples",69,240V Amps to Watts Calculator,1,9,26,240V Amps to Watts Calculator | 240V Amps to Watts Formula | How to Calculate Watts From Amps at 240V | 240 volt load chart | 240V Amps to Watts Calculator Technical Visual Guide | 240V Amps to Watts Calculator Technical Sub Calculators | Amps to Watts 240V Calculator | Amps to Watts Calculator 240V | Related Amps to Watts and Electrical Calculators,"240V Amps to Watts Calculator for converting amps to watts at 240 volts. Use formulas, 240V examples, current draw, breaker load notes, appliance wattage, and AC power factor guidance.",184,"240V Amps to Watts Calculator, amps to watts 240V, 240V amps to watts formula, 240V amp calculator, 240V power calculator, 240V wattage calculator, amps volts watts",240V amps to watts,URL slug target,Yes,Yes,Yes,Aligned,Yes,23,Strong,240v-amps-to-watts-calculator\index.html,76,High,Title length outside common SERP range; Meta description length should be tightened; Shares search-intent family with another page,High Same search-intent family: 240v amps to watts
/240v-calculator/,https://ampstowatt.com/240v-calculator/,Supporting calculator,Voltage-specific calculators,240v amps to watts,"240V Calculator - Power, Amps, Load, Breaker, and kWh Planning",62,240V Calculator,1,7,21,240V Calculator | 240 volt load chart | 240V Calculator Technical Visual Guide | 240V Calculator Technical Sub Calculators | 240V Power Calculator | 240V Power Calculation | Related Amps to Watts and Electrical Calculators,"240V Calculator for 240 volt power, amps, watts, kW, power factor, current draw, appliance loads, breaker sizing, voltage drop, wire gauge, and energy use examples.",164,"240V Calculator, 240v power calculator, 240v current calculator, 240v wattage calculator, 240v amp calculator, 240v voltage drop calculator, 240v wire size calculator",240V calculator,URL slug target,Yes,Yes,Yes,Aligned,Yes,23,Strong,240v-calculator\index.html,92,High,Shares search-intent family with another page,High Same search-intent family: 240v amps to watts
/amps-to-watts-120v-calculator/,https://ampstowatt.com/amps-to-watts-120v-calculator/,Supporting calculator,Voltage-specific calculators,120v amps to watts,Amps to Watts 120V Calculator,29,Amps to Watts 120V Calculator,1,5,3,How Amps to Watts 120V Calculator Works | 120 volt load chart | Amps to Watts 120V Calculator Technical Visual Guide | Related Amps to Watts and Electrical Calculators | Amps to Watts 120V Calculator FAQ,"Amps to Watts 120V Calculator for 120 volt amps to watts conversion. Calculate watts, amps, volts, power factor, kW, kVA, kWh, and electrical load values with formulas, examples, diagrams, and FAQ.",197,"Amps to Watts 120V Calculator, amps to watts, watts to amps, electrical calculator, power conversion, voltage amps watts, power factor, AC, DC, three phase",amps to watts 120V,URL slug target,Yes,Yes,Yes,Aligned,Yes,23,Strong,amps-to-watts-120v-calculator\index.html,76,High,Title length outside common SERP range; Meta description length should be tightened; Shares search-intent family with another page,High Same search-intent family: 120v amps to watts
/amps-to-watts-220v-calculator/,https://ampstowatt.com/amps-to-watts-220v-calculator/,Supporting calculator,Voltage-specific calculators,220v amps to watts,Amps to Watts 220V Calculator,29,Amps to Watts 220V Calculator,1,5,3,How Amps to Watts 220V Calculator Works | 220 volt load chart | Amps to Watts 220V Calculator Technical Visual Guide | Related Amps to Watts and Electrical Calculators | Amps to Watts 220V Calculator FAQ,"Amps to Watts 220V Calculator for 220 volt amps to watts conversion. Calculate watts, amps, volts, power factor, kW, kVA, kWh, and electrical load values with formulas, examples, diagrams, and FAQ.",197,"Amps to Watts 220V Calculator, amps to watts, watts to amps, electrical calculator, power conversion, voltage amps watts, power factor, AC, DC, three phase",amps to watts 220V,URL slug target,Yes,Yes,Yes,Aligned,Yes,23,Strong,amps-to-watts-220v-calculator\index.html,76,High,Title length outside common SERP range; Meta description length should be tightened; Shares search-intent family with another page,High Same search-intent family: 220v amps to watts
/amps-to-watts-230v-calculator/,https://ampstowatt.com/amps-to-watts-230v-calculator/,Supporting calculator,Voltage-specific calculators,230v amps to watts,Amps to Watts 230V Calculator | 230V Power Conversion,53,Amps to Watts 230V Calculator,1,8,17,"Understanding the Basics: Amps, Watts, and Voltage | 230 volt power chart | Amps to Watts 230V Calculator Technical Visual Guide | How to Use the Amps to Watts 230V Calculator | Key Conversion Examples at 230V | Comparing Voltage Systems: 120V, 220V, 240V, and 230V | Practical Applications and Safety Tips | Related Amps to Watts and Electrical Calculators","Amps to Watts 230V Calculator for 230V amps to watts, watts to amps reverse conversion, 10 amps, 100 watts, 2000 watts, 230 amps, 1-phase AC, 3-phase AC, power factor, cable, breaker, fuse, and motor planning.",209,"Amps to Watts 230V Calculator, amps to watts 230v, 230v power calculator, watts to amps 230v calculator, 10 amps to watts 230v, 2000 watts to amps 230v calculator, 100 watts to amps 230v calculator",amps to watts 230V,URL slug target,Yes,Yes,Yes,Aligned,Yes,23,Strong,amps-to-watts-230v-calculator\index.html,84,Medium,Meta description length should be tightened; Shares search-intent family with another page,Medium Same search-intent family: 230v amps to watts
/amps-to-watts-240v-calculator/,https://ampstowatt.com/amps-to-watts-240v-calculator/,Supporting calculator,Voltage-specific calculators,240v amps to watts,Amps to Watts 240V Calculator | 240 Volt Power Formula,54,Amps to Watts 240V Calculator,1,7,17,How to Use the Amps to Watts 240V Calculator | 240 volt load chart | Amps to Watts 240V Calculator Technical Visual Guide | Watts to Amps 240V Calculator: Reverse Conversion | Advanced Calculator Tools for 240V Systems | Practical Applications and Safety Considerations | Related Amps to Watts and Electrical Calculators,"Amps to Watts 240V Calculator for 240V power calculation, watts to amps 240V reverse conversion, AC and DC examples, 4000W, 3000W, 4500W, and home appliance load planning.",171,"Amps to Watts 240V Calculator, convert amps to watts 240V, watts to amps 240V calculator, 240V power calculator, amps to watts formula, watt",amps to watts 240V,URL slug target,Yes,Yes,Yes,Aligned,Yes,23,Strong,amps-to-watts-240v-calculator\index.html,84,High,Meta description length should be tightened; Shares search-intent family with another page,High Same search-intent family: 240v amps to watts
/amps-to-watts-dc-calculator/,https://ampstowatt.com/amps-to-watts-dc-calculator/,Supporting calculator,Voltage-specific calculators,dc amps to watts,"Amps to Watts DC Calculator | 12V, 24V, 48V Power Formula",57,Amps to Watts DC Calculator,1,26,3,DC Power Conversion Checklist | Power calculation chart | Amps to Watts DC Calculator Technical Visual Guide | Amps to Watts Calculator DC | Watts to Amps Calculator DC 12V | DC Amps to Watts Converter | How to Convert DC Watts to Amps | How Many DC Watts in an Amp | How Many Watts in 1 Amp DC | Amps to Watts DC | Amps to Watts 12 Volt | Amps to Watts 12V DC | Watts to Amps DC Calculator | AC Watts to DC Amps Calculator | Amps DC to Watts AC | Can Amps Be Converted to Watts | Amps Calculator with Watts and Volts | 7 Amps to Watts | 10 Amps DC to Watts | How Many Amps is 7 Watts,"Amps to Watts DC Calculator for 12V, 24V, and 48V systems. Convert amps to watts DC, watts to amps DC, AC watts to DC amps, battery power, solar panels, chargers, motors, and LED lighting.",188,"amps to watts dc calculator, amps to watts calculator dc, watts to amps calculator dc 12v, dc amps to watts converter, how to convert dc watts to amps, amps to watts 12v dc, ac watts to dc amps calculator",amps to watts DC,URL slug target,Yes,Yes,Yes,Aligned,Yes,23,Strong,amps-to-watts-dc-calculator\index.html,84,High,Meta description length should be tightened; Shares search-intent family with another page,High Same search-intent family: dc amps to watts
/other-voltages-calculator/,https://ampstowatt.com/other-voltages-calculator/,Supporting calculator,Voltage-specific calculators,other voltages calculator,Other Voltages,14,Other Voltages,1,5,3,How Other Voltages Works | Power calculation chart | Other Voltages Technical Visual Guide | Related Amps to Watts and Electrical Calculators | Other Voltages FAQ,"Other Voltages for custom voltage amps to watts conversion. Calculate watts, amps, volts, power factor, kW, kVA, kWh, and electrical load values with formulas, examples, diagrams, and FAQ.",188,"Other Voltages, amps to watts, watts to amps, electrical calculator, power conversion, voltage amps watts, power factor, AC, DC, three phase",other voltages calculator,URL slug target,Partial/No,Partial/No,Yes,Aligned,Yes,23,Strong,other-voltages-calculator\index.html,66,Low,Title length outside common SERP range; Meta description length should be tightened; Focus keyword not exact in title; Focus keyword not exact in H1,No direct keyword conflict found from static page signals
/voltage-amps-watts-calculator/,https://ampstowatt.com/voltage-amps-watts-calculator/,Supporting page,General electrical reference,voltage amps watts calculator,"Voltage Amps Watts Calculator | Volts, Amps, Watts, Ohms, AC, DC",64,Voltage Amps Watts Calculator,1,26,11,How the Voltage Amps Watts Calculator Works | Volts Amps Watts Calculator | Watt Voltage Amp Formula | Volts Amps Watts Ohms Calculator | Volts Amps Watts Resistance Calculator | How to Determine Watts from Amps and Volts | Can You Calculate Amps From Watts | How to Calculate Amps from Watts | How to Calculate Watts from Volts | Voltage Amps to Watts Calculator | Volt Amps to Watts Calculator | AC Volts Amps Watts Calculator | DC Volt Amp Watt Calculator | Volts Amps Watts Calculator 3 Phase | Volts Amps Watts Calculator 240V | Volts Amps Watts Calculator 12V | Volts Amps Watts Calculator Australia | Voltage Amp Power Calculator | Common Voltage Amps Watts Examples | How Many Watts Does an Amplifier Use,"Voltage Amps Watts Calculator for volts, amps, watts, ohms, power factor, AC, DC, 12V, 240V, 3 phase, kW, kVA, kWh, wire ampacity, generator, inverter, battery, solar, and amplifier calculations.",195,"voltage amps watts calculator, volts amps watts calculator, voltage amps to watts calculator, voltage current watts calculator, voltage amp wattage calculator, amp calculator watts volts, dc volt amp watt calculator, ac volts amps watts calculator, volts amps watts ohms calculator, volts amps watts resistance calculator, calculate amps from watts, calculate watts from volts, watt voltage amp formula, how many amps is 10000 watts",voltage amps watts calculator,URL slug target,Yes,Yes,Yes,Aligned,Yes,23,Strong,voltage-amps-watts-calculator\index.html,92,Low,Meta description length should be tightened,No direct keyword conflict found from static page signals
/about-us/,https://ampstowatt.com/about-us/,Trust/legal/support,Trust and support,about amperetowatt,"About AmpereToWatt.com | Electrical Calculator Mission, Accuracy & Editorial Standards",86,About AmpereToWatt.com,1,8,3,"On this page | Our Mission | What We Offer | Accuracy and Calculation Methodology | Editorial Standards | Advertising, Google AdSense, and Privacy Approach | Contact Information | Related Amps to Watts and Electrical Calculators","Learn about AmpereToWatt.com, our electrical calculator mission, editorial standards, calculation methodology, privacy-first values, and support contact details.",161,"about AmpereToWatt.com, ampere to watt calculator about us, electrical calculator website, amps to watts calculator team, electrical formulas, power conversion tools",about AmpereToWatt,URL slug target,Yes,Yes,Yes,Aligned,Yes,23,Strong,about-us\index.html,92,Low,Title length outside common SERP range,No direct keyword conflict found from static page signals
/contact-us/,https://ampstowatt.com/contact-us/,Trust/legal/support,Trust and support,contact amperetowatt,"Contact AmpereToWatt.com | Support, Privacy Requests & Content Corrections",74,Contact AmpereToWatt.com,1,7,3,How We Can Help | Email Contact | Expected Response Time | Privacy and Data Protection Requests | Advertising or Google AdSense Questions | Important Safety Notice | Related Amps to Watts and Electrical Calculators,"Contact AmpereToWatt.com for calculator support, privacy requests, policy questions, technical issues, corrections, feedback, and advertising-related inquiries.",160,"contact AmpereToWatt.com, ampere to watt support, electrical calculator contact, privacy request, content correction, ampstowatt@gmail.com",contact AmpereToWatt,URL slug target,Yes,Yes,Yes,Aligned,Yes,23,Strong,contact-us\index.html,92,Low,Title length outside common SERP range,No direct keyword conflict found from static page signals
/cookie-policy/,https://ampstowatt.com/cookie-policy/,Trust/legal/support,Trust and support,cookie policy,"Cookie Policy | AmpereToWatt.com Cookies, Google AdSense & Consent",66,Cookie Policy,1,9,3,"1. What Are Cookies? | 2. Types of Cookies We May Use | 3. Google AdSense Cookies | 4. Consent for EEA, UK, and Switzerland Users | 5. How Long Cookies Last | 6. How to Manage Cookies | 7. Updates to This Cookie Policy | 8. Contact | Related Amps to Watts and Electrical Calculators","Learn how AmpereToWatt.com uses cookies for essential functions, analytics, Google AdSense advertising, consent management, security, and user preferences.",155,"AmpereToWatt.com cookie policy, Google AdSense cookies, advertising cookies, analytics cookies, consent management, cookie preferences, DART cookie",cookie policy,URL slug target,Yes,Yes,Yes,Aligned,Yes,23,Strong,cookie-policy\index.html,92,Low,Title length outside common SERP range,No direct keyword conflict found from static page signals
/cookie-preferences/,https://ampstowatt.com/cookie-preferences/,Trust/legal/support,Trust and support,cookie preferences,Cookie Preferences | Manage AmpereToWatt.com Consent & Advertising Choices,74,Cookie Preferences,1,5,7,Cookie Categories | How to Change Your Choices | Important Notes | Need Help? | Related Amps to Watts and Electrical Calculators,"Review cookie categories and learn how to manage essential, preference, analytics, and Google AdSense advertising cookies on AmpereToWatt.com.",142,"cookie preferences, manage cookies, AmpereToWatt.com consent, Google AdSense cookie choices, analytics cookies, advertising cookies",cookie preferences,URL slug target,Yes,Yes,Yes,Aligned,Yes,23,Strong,cookie-preferences\index.html,92,Low,Title length outside common SERP range,No direct keyword conflict found from static page signals
/disclaimer/,https://ampstowatt.com/disclaimer/,Trust/legal/support,Trust and support,electrical calculator disclaimer,Disclaimer | AmpereToWatt.com Electrical Calculator Safety & Accuracy Notice,76,Disclaimer,1,8,3,1. Educational Information Only | 2. Calculator Accuracy and Assumptions | 3. Electrical Safety Warning | 4. No Warranty | 5. Limitation of Liability | 6. Advertising and External Links | 7. Contact | Related Amps to Watts and Electrical Calculators,"Read the AmpereToWatt.com disclaimer about electrical calculator accuracy, educational use, safety limitations, professional advice, ads, and external links.",157,"electrical calculator disclaimer, AmpereToWatt.com disclaimer, amps to watts safety notice, electrical advice disclaimer, calculator accuracy limitation",electrical calculator disclaimer,URL slug target,Partial/No,Partial/No,Yes,Aligned,Yes,23,Strong,disclaimer\index.html,74,Low,Title length outside common SERP range; Focus keyword not exact in title; Focus keyword not exact in H1,No direct keyword conflict found from static page signals
/privacy-policy/,https://ampstowatt.com/privacy-policy/,Trust/legal/support,Trust and support,privacy policy,"Privacy Policy | AmpereToWatt.com Data, Cookies, Google AdSense & User Rights",77,Privacy Policy,1,14,6,Privacy Policy Contents | 1. Information We Collect | 2. How We Use Information | 3. Google AdSense and Advertising Disclosure | 4. Cookies and Similar Technologies | 5. How Information May Be Shared | 6. Data Retention | 7. Your Privacy Rights and Choices | 8. Children’s Privacy | 9. International Users | 10. Security | 11. Changes to This Privacy Policy | 12. Contact Us | Related Amps to Watts and Electrical Calculators,"Read the AmpereToWatt.com Privacy Policy covering data collection, cookies, Google AdSense, analytics, consent, user rights, retention, and contact details.",156,"AmpereToWatt.com privacy policy, Google AdSense privacy policy, cookies, personal data, user rights, GDPR, CCPA, consent, advertising privacy",privacy policy,URL slug target,Yes,Yes,Yes,Aligned,Yes,23,Strong,privacy-policy\index.html,92,Low,Title length outside common SERP range,No direct keyword conflict found from static page signals
/site-map/,https://ampstowatt.com/site-map/,Trust/legal/support,Trust and support,site map,"Site Map | AmpereToWatt.com Calculators, Policies & Support Pages",65,Site Map,1,7,3,"Core Calculator Pages | Voltage Calculator Pages | AC, DC, and Phase Calculator Pages | Specialized Power Calculator Pages | Learning, Trust, and Legal Pages | Need Assistance? | Related Amps to Watts and Electrical Calculators","Find every important AmpereToWatt.com page including the amps to watts calculator, tools, formulas, policy pages, contact, cookie preferences, and support resources.",165,"AmpereToWatt.com site map, amps to watts calculator pages, privacy policy, cookie policy, terms, contact, electrical calculator tools",site map,URL slug target,Yes,Yes,Partial/No,Aligned,Yes,23,Strong,site-map\index.html,95,Low,Meta description weakly aligned,No direct keyword conflict found from static page signals
/terms-conditions/,https://ampstowatt.com/terms-conditions/,Trust/legal/support,Trust and support,terms and conditions,"Terms & Conditions | AmpereToWatt.com Website Use, Calculators & Policies",73,Terms & Conditions,1,12,3,1. Website Purpose | 2. Acceptable Use | 3. Calculator and Content Limitations | 4. Intellectual Property | 5. Advertising | 6. Privacy and Cookies | 7. Third-Party Links | 8. No Warranty | 9. Limitation of Liability | 10. Changes to These Terms | 11. Contact | Related Amps to Watts and Electrical Calculators,"Review the AmpereToWatt.com Terms & Conditions covering permitted use, calculator limitations, intellectual property, ads, privacy, liability, and contact information.",167,"AmpereToWatt.com terms, terms and conditions, electrical calculator terms, website use policy, AdSense website terms, calculator limitations",terms and conditions,URL slug target,Yes,Yes,Yes,Aligned,Yes,23,Strong,terms-conditions\index.html,66,Low,Title length outside common SERP range; Meta description length should be tightened; Focus keyword not exact in title; Focus keyword not exact in H1,No direct keyword conflict found from static page signals
